Year,Site,Depth_band,Replicate,Video_number,Time_of_appearance,Species,MaxN,Functional_group
2023,Arnedo,10,v1,1,441,Acanthurus nigrofuscus,1,Grazer
2023,Arnedo,10,v1,2,11,Acanthurus nigrofuscus,1,Grazer
2023,Arnedo,10,v1,2,1006,Naso lituratus,1,Browser
2023,Arnedo,10,v1,3,1035,Acanthurus nigrofuscus,2,Grazer
2023,Arnedo,10,v1,4,503,Naso lituratus,1,Browser
2023,Arnedo,10,v1,4,1044,Acanthurus nigrofuscus,2,Grazer
2023,Arnedo,10,v1,5,150,Acanthurus nigrofuscus,2,Grazer
2023,Arnedo,10,v1,5,445,Naso lituratus,1,Browser
2023,Arnedo,10,v1,5,1229,Chlorurus spilurus,1,Grazer
2023,Arnedo,10,v1,6,809,Acanthurus nigrofuscus,2,Grazer
2023,Arnedo,10,v1,7,39,Chlorurus spilurus,1,Grazer
2023,Arnedo,10,v1,7,903,Acanthurus nigrofuscus,2,Grazer
2023,Arnedo,10,v1,8,50,Naso lituratus,1,Browser
2023,Arnedo,10,v1,8,202,Chlorurus spilurus,1,Grazer
2023,Arnedo,10,v1,8,842,Acanthurus nigrofuscus,2,Grazer
2023,Arnedo,10,v1,9,226,Acanthurus nigrofuscus,3,Grazer
2023,Arnedo,10,v1,9,307,Naso lituratus,1,Browser
2023,Arnedo,10,v1,10,325,Cetoscarus bicolor,1,Grazer
2023,Arnedo,10,v1,10,1258,Acanthurus nigrofuscus,2,Grazer
2023,Arnedo,10,v1,10,1525,Naso lituratus,1,Browser
2023,Arnedo,10,v1,11,517,Acanthurus nigrofuscus,3,Grazer
2023,Arnedo,10,v1,12,436,Acanthurus nigrofuscus,1,Grazer
2023,Arnedo,10,v1,12,1555,Naso lituratus,1,Browser
2023,Arnedo,10,v1,13,621,Naso lituratus,1,Browser
2023,Arnedo,10,v1,13,652,Chlorurus spilurus,1,Grazer
2023,Arnedo,10,v1,13,1650,Acanthurus nigrofuscus,2,Grazer
2023,Arnedo,10,v1,14,930,Acanthurus nigrofuscus,3,Grazer
2023,Arnedo,10,v1,14,1301,Naso lituratus,1,Browser
2023,Arnedo,10,v1,15,33,Naso lituratus,1,Browser
2023,Arnedo,10,v1,15,117,Acanthurus nigrofuscus,1,Grazer
2023,Arnedo,10,v2,1,301,Acanthurus nigrofuscus,1,Grazer
2023,Arnedo,10,v2,1,1232,Naso lituratus,1,Browser
2023,Arnedo,10,v2,2,944,Acanthurus nigrofuscus,2,Grazer
2023,Arnedo,10,v2,2,1041,Naso lituratus,1,Browser
2023,Arnedo,10,v2,3,336,Scarus forsteni,2,Grazer
2023,Arnedo,10,v2,3,948,Acanthurus nigrofuscus,2,Grazer
2023,Arnedo,10,v2,3,652,Chlorurus spilurus,1,Grazer
2023,Arnedo,10,v2,3,919,Naso lituratus,1,Browser
2023,Arnedo,10,v2,4,155,Naso lituratus,2,Browser
2023,Arnedo,10,v2,4,426,Acanthurus nigrofuscus,1,Grazer
2023,Arnedo,10,v2,4,1312,Chlorurus spilurus,1,Grazer
2023,Arnedo,10,v2,5,457,Ctenochaetus striatus,1,Grazer
2023,Arnedo,10,v2,5,559,Acanthurus nigrofuscus,2,Grazer
2023,Arnedo,10,v2,5,705,Naso lituratus,1,Browser
2023,Arnedo,10,v2,6,329,Acanthurus nigrofuscus,2,Grazer
2023,Arnedo,10,v2,7,203,Naso lituratus,1,Browser
2023,Arnedo,10,v2,7,734,Centropyge vroliki,2,Grazer
2023,Arnedo,10,v2,7,1040,Acanthurus nigrofuscus,1,Grazer
2023,Arnedo,10,v2,8,132,Acanthurus nigrofuscus,1,Grazer
2023,Arnedo,10,v2,8,626,Naso lituratus,1,Browser
2023,Arnedo,10,v2,8,1540,Ctenochaetus striatus,1,Grazer
2023,Arnedo,10,v2,9,21,Acanthurus pyroferus,1,Grazer
2023,Arnedo,10,v2,9,745,Naso lituratus,1,Browser
2023,Arnedo,10,v2,9,1108,Chlorurus spilurus,1,Grazer
2023,Arnedo,10,v2,10,317,Centropyge vroliki,2,Grazer
2023,Arnedo,10,v2,10,701,Naso lituratus,1,Browser
2023,Arnedo,10,v2,10,1110,Chlorurus spilurus,1,Grazer
2023,Arnedo,10,v2,10,1129,Acanthurus nigrofuscus,1,Grazer
2023,Arnedo,10,v2,11,953,Acanthurus nigrofuscus,1,Grazer
2023,Arnedo,10,v2,11,1632,Naso lituratus,1,Browser
2023,Arnedo,10,v2,12,408,Acanthurus nigrofuscus,2,Grazer
2023,Arnedo,10,v2,12,915,Centropyge vroliki,1,Grazer
2023,Arnedo,10,v2,12,1233,Naso lituratus,11,Browser
2023,Arnedo,10,v2,13,53,Acanthurus nigrofuscus,2,Grazer
2023,Arnedo,10,v2,13,318,Naso lituratus,1,Browser
2023,Arnedo,10,v2,14,407,Naso lituratus,1,Browser
2023,Arnedo,10,v2,14,430,Acanthurus nigrofuscus,2,Grazer
2023,Arnedo,10,v2,14,742,Chlorurus spilurus,1,Grazer
2023,Arnedo,10,v2,14,759,Centropyge vroliki,1,Grazer
2023,Arnedo,10,v2,15,12,Acanthurus nigrofuscus,3,Grazer
2023,Arnedo,10,v2,15,32,Naso lituratus,1,Browser
2023,Arnedo,10,v3,1,13,Acanthurus nigrofuscus,1,Grazer
2023,Arnedo,10,v3,1,1039,Centropyge vroliki,1,Grazer
2023,Arnedo,10,v3,2,31,Acanthurus nigrofuscus,1,Grazer
2023,Arnedo,10,v3,2,201,Acanthurus nigricans,1,Grazer
2023,Arnedo,10,v3,2,248,Chlorurus spilurus,1,Grazer
2023,Arnedo,10,v3,2,558,Naso lituratus,1,Browser
2023,Arnedo,10,v3,2,759,Ctenochaetus striatus,1,Grazer
2023,Arnedo,10,v3,2,817,Centropyge vroliki,1,Grazer
2023,Arnedo,10,v3,2,921,Chlorurus spilurus,1,Grazer
2023,Arnedo,10,v3,2,943,Zebrasoma veliferum,2,Grazer
2023,Arnedo,20,v1,1,0,None,0,None
2023,Arnedo,20,v1,2,1524,Acanthurus nigrofuscus,1,Grazer
2023,Arnedo,20,v1,3,141,Chlorurus spilurus,1,Grazer
2023,Arnedo,20,v1,3,648,Scarus rivulatus,1,Grazer
2023,Arnedo,20,v1,3,958,Acanthurus nigricans,1,Grazer
2023,Arnedo,20,v1,3,1133,Centropyge bispinossa,1,Grazer
2023,Arnedo,20,v1,4,119,Siganus puellos,1,Grazer
2023,Arnedo,20,v1,4,634,Scarus rivulatus,1,Grazer
2023,Arnedo,20,v1,5,129,Chlorurus spilurus,1,Grazer
2023,Arnedo,20,v1,5,220,Centropyge vroliki,1,Grazer
2023,Arnedo,20,v1,5,232,Centropyge bispinossa,1,Grazer
2023,Arnedo,20,v1,5,1200,Acanthurus nigrofuscus,2,Grazer
2023,Arnedo,20,v1,6,759,Scarus rivulatus,1,Grazer
2023,Arnedo,20,v1,6,926,Acanthurus nigrofuscus,2,Grazer
2023,Arnedo,20,v1,6,1704,Chlorurus spilurus,1,Grazer
2023,Arnedo,20,v1,7,11,Chlorurus spilurus,1,Grazer
2023,Arnedo,20,v1,7,259,Acanthurus nigrofuscus,1,Grazer
2023,Arnedo,20,v1,7,758,Centropyge vroliki,1,Grazer
2023,Arnedo,20,v1,7,1344,Scarus rivulatus,1,Grazer
2023,Arnedo,20,v1,8,122,Centropyge bispinossa,1,Grazer
2023,Arnedo,20,v1,8,204,Acanthurus nigrofuscus,2,Grazer
2023,Arnedo,20,v1,8,236,Ctenochaetus striatus,1,Grazer
2023,Arnedo,20,v1,8,1525,Chlorurus spilurus,1,Grazer
2023,Arnedo,20,v1,9,748,Acanthurus nigrofuscus,2,Grazer
2023,Arnedo,20,v1,10,0,None,0,None
2023,Arnedo,20,v1,11,158,Scarus rivulatus,1,Grazer
2023,Arnedo,20,v1,12,0,None,0,None
2023,Arnedo,20,v1,13,0,None,0,None
2023,Arnedo,20,v1,14,0,None,0,None
2023,Arnedo,20,v1,15,0,None,0,None
2023,Arnedo,20,v2,1,0,None,0,None
2023,Arnedo,20,v2,2,204,Siganus guttatus,2,Grazer
2023,Arnedo,20,v2,3,101,Acanthurus nigrofuscus,1,Grazer
2023,Arnedo,20,v2,3,210,Hipposcarus longiceps,2,Grazer
2023,Arnedo,20,v2,3,736,Chlorurus spilurus,1,Grazer
2023,Arnedo,20,v2,4,251,Centropyge vroliki,1,Grazer
2023,Arnedo,20,v2,4,827,Acanthurus nigrofuscus,4,Grazer
2023,Arnedo,20,v2,4,934,Chlorurus spilurus,1,Grazer
2023,Arnedo,20,v2,5,406,Acanthurus nigrofuscus,1,Grazer
2023,Arnedo,20,v2,5,23,Chlorurus spilurus,1,Grazer
2023,Arnedo,20,v2,5,,Hipposcarus longiceps,1,Grazer
2023,Arnedo,20,v2,7,108,Chlorurus spilurus,1,Grazer
2023,Arnedo,20,v2,7,657,Acanthurus nigrofuscus,4,Grazer
2023,Arnedo,20,v2,8,6,Chlorurus spilurus,1,Grazer
2023,Arnedo,20,v2,8,649,Acanthurus nigrofuscus,1,Grazer
2023,Arnedo,20,v2,9,9,Siganus doliatus,2,Browser
2023,Arnedo,20,v2,9,15,Acanthurus nigrofuscus,2,Grazer
2023,Arnedo,20,v2,9,29,Chlorurus spilurus,2,Grazer
2023,Arnedo,20,v2,10,55,Chlorurus spilurus,1,Grazer
2023,Arnedo,20,v2,11,450,Centropyge vroliki,1,Grazer
2023,Arnedo,20,v2,11,659,Hipposcarus longiceps,2,Grazer
2023,Arnedo,20,v2,11,957,Acanthurus grammoptilus,1,Grazer
2023,Arnedo,20,v2,11,1122,Acanthurus nigrofuscus,2,Grazer
2023,Arnedo,20,v2,12,33,Chlorurus spilurus,1,Grazer
2023,Arnedo,20,v2,12,216,Acanthurus nigrofuscus,1,Grazer
2023,Arnedo,20,v2,13,657,Acanthurus nigrofuscus,5,Grazer
2023,Arnedo,20,v2,13,801,Chlorurus spilurus,1,Grazer
2023,Arnedo,20,v2,14,29,Chlorurus spilurus,1,Grazer
2023,Arnedo,20,v2,14,646,Acanthurus nigrofuscus,2,Grazer
2023,Arnedo,20,v2,15,0,None,0,None
2023,Arnedo,20,v2,16,936,Acanthurus grammoptilus,2,Grazer
2023,Arnedo,20,v2,16,515,Acanthurus nigrofuscus,2,Grazer
2023,Arnedo,20,v2,16,1128,Centropyge vroliki,2,Grazer
2023,Arnedo,20,v2,17,1036,Centropyge vroliki,1,Grazer
2023,Arnedo,20,v2,18,254,Acanthurus nigrofuscus,2,Grazer
2023,Arnedo,20,v2,18,923,Acanthurus grammoptilus,1,Grazer
2023,Arnedo,20,v2,19,513,Acanthurus nigrofuscus,1,Grazer
2023,Arnedo,20,v2,20,32,Acanthurus nigrofuscus,1,Grazer
2023,Arnedo,20,v2,21,334,Acanthurus nigrofuscus,1,Grazer
2023,Arnedo,20,v3,1,333,Acanthurus nigrofuscus,1,Grazer
2023,Arnedo,20,v3,1,744,Chlorurus spilurus,1,Grazer
2023,Arnedo,20,v3,1,823,Naso lituratus,1,Browser
2023,Arnedo,20,v3,2,216,Chlorurus spilurus,1,Grazer
2023,Arnedo,20,v3,2,513,Acanthurus nigrofuscus,2,Grazer
2023,Arnedo,20,v3,2,549,Hipposcarus longiceps,1,Grazer
2023,Arnedo,20,v3,3,26,Chlorurus spilurus,1,Grazer
2023,Arnedo,20,v3,3,304,Centropyge heraldi,1,Grazer
2023,Arnedo,20,v3,3,305,Centropyge vroliki,2,Grazer
2023,Arnedo,20,v3,3,1205,Acanthurus nigrofuscus,3,Grazer
2023,Arnedo,20,v3,4,55,Chlorurus spilurus,1,Grazer
2023,Arnedo,20,v3,4,,Acanthurus nigrofuscus,1,Grazer
2023,Arnedo,20,v3,4,59,Centropyge heraldi,1,Grazer
2023,Arnedo,20,v3,4,347,Acanthurus nigricans,1,Grazer
2023,Arnedo,20,v3,4,406,Naso lituratus,1,Browser
2023,Arnedo,20,v3,4,550,Centropyge vroliki,2,Grazer
2023,Arnedo,20,v3,5,526,Naso lituratus,1,Browser
2023,Arnedo,20,v3,5,624,Acanthurus nigrofuscus,1,Grazer
2023,Arnedo,20,v3,5,757,Acanthurus nigricans,2,Grazer
2023,Arnedo,20,v3,5,1429,Centropyge heraldi,1,Grazer
2023,Arnedo,20,v3,5,1730,Centropyge vroliki,2,Grazer
2023,Arnedo,20,v3,6,236,Naso lituratus,1,Browser
2023,Arnedo,20,v3,6,404,Acanthurus nigrofuscus,2,Grazer
2023,Arnedo,20,v3,6,1330,Centropyge vroliki,2,Grazer
2023,Arnedo,20,v3,6,1622,Acanthurus nigricans,1,Grazer
2023,Arnedo,20,v3,7,48,Chlorurus spilurus,2,Grazer
2023,Arnedo,20,v3,7,314,Acanthurus nigrofuscus,2,Grazer
2023,Arnedo,20,v3,7,211,Naso lituratus,2,Browser
2023,Arnedo,20,v3,7,359,Centropyge vroliki,3,Grazer
2023,Arnedo,20,v3,7,319,Centropyge heraldi,1,Grazer
2023,Arnedo,20,v3,7,550,Centropyge bispinossa,1,Grazer
2023,Arnedo,20,v3,8,34,Acanthurus nigrofuscus,1,Grazer
2023,Arnedo,20,v3,8,232,Centropyge bispinossa,1,Grazer
2023,Arnedo,20,v3,8,829,Centropyge heraldi,1,Grazer
2023,Arnedo,20,v3,8,,Centropyge vroliki,1,Grazer
2023,Arnedo,20,v3,9,140,Naso lituratus,1,Browser
2023,Arnedo,20,v3,9,544,Centropyge vroliki,1,Grazer
2023,Arnedo,20,v3,9,617,Acanthurus nigrofuscus,1,Grazer
2023,Arnedo,20,v3,10,0,None,0,None
2023,Arnedo,30,v1,1,0,None,0,None
2023,Arnedo,30,v1,2,0,None,0,None
2023,Arnedo,30,v1,3,150,Centropyge vroliki,1,Grazer
2023,Arnedo,30,v1,4,0,None,0,None
2023,Arnedo,30,v1,5,457,Centropyge heraldi,1,Grazer
2023,Arnedo,30,v1,5,943,Naso lituratus,1,Browser
2023,Arnedo,30,v1,6,0,None,0,None
2023,Arnedo,30,v1,7,0,None,0,None
2023,Arnedo,30,v1,8,0,None,0,None
2023,Arnedo,30,v1,9,0,None,0,None
2023,Arnedo,30,v1,10,0,None,0,None
2023,Arnedo,30,v1,11,0,None,0,None
2023,Arnedo,30,v1,12,1314,Naso unicornis,2,Browser
2023,Arnedo,30,v1,13,0,None,0,None
2023,Arnedo,30,v1,14,0,None,0,None
2023,Arnedo,30,v1,15,18,Naso unicornis,1,Browser
2023,Arnedo,30,v1,15,656,Centropyge heraldi,1,Grazer
2023,Arnedo,30,v2,1,828,Acanthurus nigrofuscus,2,Grazer
2023,Arnedo,30,v2,1,907,Acanthurus nigricans,1,Grazer
2023,Arnedo,30,v2,2,541,Acanthurus nigrofuscus,1,Grazer
2023,Arnedo,30,v2,3,11:33,Platax teira,1,Browser
2023,Arnedo,30,v2,4,314,Acanthurus nigrofuscus,1,Grazer
2023,Arnedo,30,v2,5,100,Cetoscarus bicolor,1,Grazer
2023,Arnedo,30,v2,5,145,Acanthurus nigrofuscus,1,Grazer
2023,Arnedo,30,v2,5,405,Hipposcarus longiceps,1,Grazer
2023,Arnedo,30,v2,5,910,Scarus rivulatus,1,Grazer
2023,Arnedo,30,v2,6,607,Hipposcarus longiceps,1,Grazer
2023,Arnedo,30,v2,6,853,Chlorurus spilurus,1,Grazer
2023,Arnedo,30,v2,6,936,Acanthurus nigricans,2,Grazer
2023,Arnedo,30,v2,7,0,None,0,None
2023,Arnedo,30,v2,8,0,None,0,None
2023,Arnedo,30,v3,1,0,None,0,None
2023,Arnedo,30,v3,2,0,None,0,None
2023,Arnedo,30,v3,3,0,None,0,None
2023,Arnedo,30,v3,4,457,Chlorurus spilurus,1,Grazer
2023,Arnedo,30,v3,5,0,None,0,None
2023,Arnedo,30,v3,6,0,None,0,None
2023,Arnedo,30,v3,7,0,None,0,None
2023,Arnedo,50,v1,1,0,None,0,None
2023,Arnedo,50,v1,2,0,None,0,None
2023,Arnedo,50,v1,3,1213,Naso unicornis,1,Browser
2023,Arnedo,50,v1,4,0,None,0,None
2023,Arnedo,50,v1,5,454,Naso lituratus,1,Browser
2023,Arnedo,50,v1,6,7,Naso lituratus,1,Browser
2023,Arnedo,50,v1,7,38,Naso lituratus,1,Browser
2023,Arnedo,50,v1,7,43,Naso unicornis,1,Browser
2023,Arnedo,50,v1,8,4,Naso unicornis,1,Browser
2023,Arnedo,50,v1,8,548,Naso lituratus,1,Browser
2023,Arnedo,50,v1,9,0,None,0,None
2023,Arnedo,50,v1,10,0,None,0,None
2023,Arnedo,50,v1,11,255,Naso lituratus,1,Browser
2023,Arnedo,50,v1,12,212,Naso lituratus,1,Browser
2023,Arnedo,50,v1,12,1728,Scarus frenatus,1,Grazer
2023,Arnedo,50,v1,13,0,None,0,None
2023,Arnedo,50,v1,14,130,Centropyge vroliki,1,Grazer
2023,Arnedo,50,v1,14,611,Ctenochaetus tominiensis,1,Grazer
2023,Arnedo,50,v2,1,0,None,0,None
2023,Arnedo,50,v2,2,833,Naso unicornis,1,Browser
2023,Arnedo,50,v2,3,709,Naso unicornis,1,Browser
2023,Arnedo,50,v2,4,127,Naso unicornis,1,Browser
2023,Arnedo,50,v2,5,425,Naso unicornis,1,Browser
2023,Arnedo,50,v2,6,0,None,0,None
2023,Arnedo,50,v2,7,825,Scarus ghobban,1,Grazer
2023,Arnedo,50,v2,8,0,None,0,None
2023,Arnedo,50,v2,9,14,Naso lituratus,1,Browser
2023,Arnedo,50,v2,10,0,None,0,None
2023,Arnedo,50,v2,11,0,None,0,None
2023,Arnedo,50,v2,12,1711,Naso unicornis,1,Browser
2023,Arnedo,50,v2,13,0,None,0,None
2023,Arnedo,50,v2,14,0,None,0,None
2023,Arnedo,50,v3,1,117,Acanthurus pyroferus,2,Grazer
2023,Arnedo,50,v3,1,120,Naso lituratus,1,Browser
2023,Arnedo,50,v3,1,120,Acanthurus nigrofuscus,3,Grazer
2023,Arnedo,50,v3,2,714,Scarus hypselopterus,1,Grazer
2023,Arnedo,50,v3,2,1059,Acanthurus pyroferus,1,Grazer
2023,Arnedo,50,v3,3,232,Hipposcarus longiceps,1,Grazer
2023,Arnedo,50,v3,3,616,Acanthurus nigrofuscus,1,Grazer
2023,Arnedo,50,v3,4,0,None,0,None
2023,Balingasay,10,v1,1,228,Plectroglyphidodon lacrymatus,1,Grazer
2023,Balingasay,10,v1,2,140,Plectroglyphidodon lacrymatus,1,Grazer
2023,Balingasay,10,v1,3,0,None,0,None
2023,Balingasay,10,v1,4,0,None,0,None
2023,Balingasay,10,v1,5,0,None,0,None
2023,Balingasay,10,v1,6,0,None,0,None
2023,Balingasay,10,v1,7,0,None,0,None
2023,Balingasay,10,v1,8,0,None,0,None
2023,Balingasay,10,v1,9,0,None,0,None
2023,Balingasay,10,v1,10,733,Plectroglyphidodon lacrymatus,1,Grazer
2023,Balingasay,10,v1,11,1130,Naso lituratus,1,Browser
2023,Balingasay,10,v1,12,0,None,0,None
2023,Balingasay,10,v1,13,0,None,0,None
2023,Balingasay,10,v1,14,720,Plectroglyphidodon lacrymatus,1,Grazer
2023,Balingasay,10,v1,15,843,Melichthys vidua,1,Browser
2023,Balingasay,10,v1,15,,Scarus forsteni,1,Grazer
2023,Balingasay,10,v1,15,854,Acanthurus nigrofuscus,1,Grazer
2023,Balingasay,10,v1,15,,Naso brevirostris,1,Grazer
2023,Balingasay,10,v1,15,,Chlorurus spilurus,1,Grazer
2023,Balingasay,10,v1,16,110,Naso lituratus,1,Browser
2023,Balingasay,10,v1,16,,Naso brevirostris,1,Grazer
2023,Balingasay,10,v1,17,40,Chlorurus spilurus,1,Grazer
2023,Balingasay,10,v1,17,556,Naso lituratus,1,Browser
2023,Balingasay,10,v1,18,0,None,0,None
2023,Balingasay,10,v1,19,129,Naso lituratus,1,Browser
2023,Balingasay,10,v1,20,203,Naso lituratus,3,Browser
2023,Balingasay,10,v1,20,600,Chlorurus bowersi,1,Grazer
2023,Balingasay,10,v1,20,658,Scarus niger,1,Grazer
2023,Balingasay,10,v1,20,824,Melichthys vidua,1,Browser
2023,Balingasay,10,v1,21,5,Plectroglyphidodon lacrymatus,1,Grazer
2023,Balingasay,10,v1,21,48,Scarus niger,1,Grazer
2023,Balingasay,10,v1,21,51,Scarus bowersi,1,Grazer
2023,Balingasay,10,v1,22,0,None,0,None
2023,Balingasay,10,v2,1,633,Acanthurus nigrofuscus,5,Grazer
2023,Balingasay,10,v2,2,0,None,0,None
2023,Balingasay,10,v2,3,128,Melichthys vidua,1,Browser
2023,Balingasay,10,v2,3,1716,Naso lituratus,1,Browser
2023,Balingasay,10,v2,4,845,Acanthurus nigrofuscus,4,Grazer
2023,Balingasay,10,v2,5,0,None,0,None
2023,Balingasay,10,v2,6,313,Acanthurus nigrofuscus,1,Grazer
2023,Balingasay,10,v2,7,1238,Centropyge vroliki,1,Grazer
2023,Balingasay,10,v2,8,823,Acanthurus nigrofuscus,1,Grazer
2023,Balingasay,10,v2,8,1407,Centropyge vroliki,1,Grazer
2023,Balingasay,10,v2,9,744,Acanthurus nigrofuscus,1,Grazer
2023,Balingasay,10,v2,9,816,Centropyge vroliki,1,Grazer
2023,Balingasay,10,v2,9,1404,Melichthys vidua,1,Browser
2023,Balingasay,10,v2,10,229,Acanthurus nigrofuscus,1,Grazer
2023,Balingasay,10,v2,10,1621,Centropyge vroliki,1,Grazer
2023,Balingasay,10,v2,11,353,Centropyge vroliki,1,Grazer
2023,Balingasay,10,v2,11,1032,Acanthurus nigrofuscus,2,Grazer
2023,Balingasay,10,v2,11,1528,Naso lituratus,1,Browser
2023,Balingasay,10,v2,11,1608,Zebrasoma veliferum,1,Grazer
2023,Balingasay,10,v2,12,951,Naso lituratus,5,Browser
2023,Balingasay,10,v2,12,903,Acanthurus nigrofuscus,2,Grazer
2023,Balingasay,10,v2,12,1553,Siganus guttatus,1,Grazer
2023,Balingasay,10,v2,13,242,Melichthys vidua,2,Browser
2023,Balingasay,10,v2,13,506,Siganus guttatus,1,Grazer
2023,Balingasay,10,v2,13,646,Acanthurus nigrofuscus,2,Grazer
2023,Balingasay,10,v2,13,800,Naso lituratus,2,Browser
2023,Balingasay,10,v2,14,112,Siganus guttatus,1,Grazer
2023,Balingasay,10,v2,14,845,Naso lituratus,2,Browser
2023,Balingasay,10,v2,14,759,Acanthurus nigrofuscus,1,Grazer
2023,Balingasay,10,v2,14,1651,Centropyge vroliki,1,Grazer
2023,Balingasay,10,v2,15,411,Naso lituratus,1,Browser
2023,Balingasay,10,v3,1,427,Centropyge vroliki,1,Grazer
2023,Balingasay,10,v3,2,311,Chlorurus spilurus,1,Grazer
2023,Balingasay,10,v3,2,324,Centropyge vroliki,1,Grazer
2023,Balingasay,10,v3,2,343,Acanthurus nigrofuscus,1,Grazer
2023,Balingasay,10,v3,2,1414,Naso lituratus,2,Browser
2023,Balingasay,10,v3,3,519,Scarus niger,1,Grazer
2023,Balingasay,10,v3,3,622,Acanthurus nigrofuscus,1,Grazer
2023,Balingasay,10,v3,4,547,Centropyge vroliki,1,Grazer
2023,Balingasay,10,v3,5,22,Melichthys vidua,1,Browser
2023,Balingasay,10,v3,5,412,Chlorurus spilurus,1,Grazer
2023,Balingasay,10,v3,5,423,Centropyge vroliki,1,Grazer
2023,Balingasay,10,v3,5,1107,Acanthurus nigrofuscus,2,Grazer
2023,Balingasay,10,v3,6,529,Naso lituratus,3,Browser
2023,Balingasay,10,v3,6,723,Centropyge vroliki,1,Grazer
2023,Balingasay,10,v3,6,1216,Chlorurus spilurus,1,Grazer
2023,Balingasay,10,v3,7,151,Acanthurus nigrofuscus,3,Grazer
2023,Balingasay,20,v1,1,608,Acanthurus nigrofuscus,1,Grazer
2023,Balingasay,20,v1,2,318,Acanthurus pyroferus,1,Grazer
2023,Balingasay,20,v1,3,0,None,0,None
2023,Balingasay,20,v1,4,302,Centropyge vroliki,1,Grazer
2023,Balingasay,20,v1,4,452,Centropyge bispinossa,1,Grazer
2023,Balingasay,20,v1,5,0,None,0,None
2023,Balingasay,20,v1,6,908,Siganus doliatus,2,Browser
2023,Balingasay,20,v1,7,320,Naso unicornis,1,Browser
2023,Balingasay,20,v1,8,0,None,0,None
2023,Balingasay,20,v1,9,825,Centropyge vroliki,2,Grazer
2023,Balingasay,20,v1,10,800,Scarus niger,1,Grazer
2023,Balingasay,20,v1,11,0,None,0,None
2023,Balingasay,20,v1,12,200,Centropyge heraldi,1,Grazer
2023,Balingasay,20,v1,12,704,Scarus niger,1,Grazer
2023,Balingasay,20,v1,12,755,Chlorurus spilurus,1,Grazer
2023,Balingasay,20,v1,12,820,Acanthurus nigrofuscus,1,Grazer
2023,Balingasay,20,v1,12,1120,Centropyge vroliki,1,Grazer
2023,Balingasay,20,v1,13,154,Hipposcarus longiceps,1,Grazer
2023,Balingasay,20,v1,13,444,Centropyge vroliki,2,Grazer
2023,Balingasay,20,v1,14,105,Acanthurus pyroferus,1,Grazer
2023,Balingasay,20,v1,14,517,Siganus doliatus,2,Browser
2023,Balingasay,20,v1,14,517,Chlorurus spilurus,1,Grazer
2023,Balingasay,20,v1,15,0,None,0,None
2023,Balingasay,20,v1,16,348,Centropyge vroliki,2,Grazer
2023,Balingasay,20,v1,16,602,Acanthurus nigrofuscus,1,Grazer
2023,Balingasay,20,v1,16,640,Hipposcarus longiceps,1,Grazer
2023,Balingasay,20,v1,16,858,Scarus niger,1,Grazer
2023,Balingasay,20,v1,17,419,Scarus niger,3,Grazer
2023,Balingasay,20,v1,17,608,Acanthurus nigrofuscus,2,Grazer
2023,Balingasay,20,v1,18,0,None,0,None
2023,Balingasay,20,v1,19,0,None,0,None
2023,Balingasay,20,v1,20,121,Hipposcarus longiceps,1,Grazer
2023,Balingasay,20,v1,20,307,Chlorurus spilurus,1,Grazer
2023,Balingasay,20,v1,20,408,Scarus niger,1,Grazer
2023,Balingasay,20,v1,21,503,Scarus niger,1,Grazer
2023,Balingasay,20,v1,21,625,Acanthurus nigrofuscus,1,Grazer
2023,Balingasay,20,v1,21,710,Chlorurus spilurus,1,Grazer
2023,Balingasay,20,v1,21,950,Ctenochaetus striatus,1,Grazer
2023,Balingasay,20,v2,1,0,None,0,None
2023,Balingasay,20,v2,2,347,Ctenochaetus striatus,1,Grazer
2023,Balingasay,20,v2,3,0,None,0,None
2023,Balingasay,20,v2,4,631,Acanthurus nigrofuscus,1,Grazer
2023,Balingasay,20,v2,4,946,Chlorurus spilurus,1,Grazer
2023,Balingasay,20,v2,5,736,Scarus niger,1,Grazer
2023,Balingasay,20,v2,5,1241,Ctenochaetus striatus,1,Grazer
2023,Balingasay,20,v2,6,144,Ctenochaetus striatus,4,Grazer
2023,Balingasay,20,v2,6,906,Acanthurus nigrofuscus,2,Grazer
2023,Balingasay,20,v2,7,1600,Acanthurus nigrofuscus,2,Grazer
2023,Balingasay,20,v2,8,0,None,0,None
2023,Balingasay,20,v2,9,0,None,0,None
2023,Balingasay,20,v2,10,0,None,0,None
2023,Balingasay,20,v2,11,0,None,0,None
2023,Balingasay,20,v2,12,204,Acanthurus nigrofuscus,1,Grazer
2023,Balingasay,20,v2,13,825,Naso unicornis,1,Browser
2023,Balingasay,20,v2,13,1417,Acanthurus nigrofuscus,4,Grazer
2023,Balingasay,20,v2,14,216,Acanthurus nigricans,2,Grazer
2023,Balingasay,20,v2,15,0,None,0,None
2023,Balingasay,20,v3,1,0,None,0,None
2023,Balingasay,20,v3,2,0,None,0,None
2023,Balingasay,20,v3,3,0,None,0,None
2023,Balingasay,20,v3,4,1723,Centropyge vroliki,1,Grazer
2023,Balingasay,20,v3,5,0,None,0,None
2023,Balingasay,20,v3,6,0,None,0,None
2023,Balingasay,20,v3,7,1547,Scarus niger,1,Grazer
2023,Balingasay,20,v3,7,1640,Siganus guttatus,1,Grazer
2023,Balingasay,20,v3,8,0,None,0,None
2023,Balingasay,20,v3,9,0,None,0,None
2023,Balingasay,20,v3,10,530,Siganus guttatus,2,Grazer
2023,Balingasay,20,v3,10,544,Ctenochaetus striatus,1,Grazer
2023,Balingasay,20,v3,11,0,None,0,None
2023,Balingasay,20,v3,12,0,None,0,None
2023,Balingasay,20,v3,13,0,None,0,None
2023,Balingasay,20,v3,14,101,Naso unicornis,1,Browser
2023,Balingasay,20,v3,15,0,None,0,None
2023,Balingasay,30,v1,1,0,None,0,None
2023,Balingasay,30,v1,2,0,None,0,None
2023,Balingasay,30,v1,3,0,None,0,None
2023,Balingasay,30,v2,1,0,None,0,None
2023,Balingasay,30,v2,2,0,None,0,None
2023,Balingasay,30,v2,3,0,None,0,None
2023,Balingasay,30,v2,4,0,None,0,None
2023,Balingasay,30,v2,5,0,None,0,None
2023,Balingasay,30,v2,6,0,None,0,None
2023,Balingasay,30,v2,7,0,None,0,None
2023,Balingasay,30,v2,8,0,None,0,None
2023,Balingasay,30,v2,9,0,None,0,None
2023,Balingasay,30,v2,10,0,None,0,None
2023,Balingasay,30,v2,11,0,None,0,None
2023,Balingasay,30,v2,12,0,None,0,None
2023,Balingasay,30,v2,13,0,None,0,None
2023,Balingasay,30,v2,14,0,None,0,None
2023,Balingasay,30,v2,15,0,None,0,None
2023,Balingasay,30,v3,1,0,None,0,None
2023,Balingasay,30,v3,2,0,None,0,None
2023,Balingasay,30,v3,3,0,None,0,None
2023,Balingasay,30,v3,4,0,None,0,None
2023,Balingasay,30,v3,5,0,None,0,None
2023,Balingasay,30,v3,6,0,None,0,None
2023,Balingasay,30,v3,7,0,None,0,None
2023,Balingasay,30,v3,8,0,None,0,None
2023,Balingasay,30,v3,9,0,None,0,None
2023,Balingasay,30,v3,10,142,Naso unicornis,3,Browser
2023,Balingasay,30,v3,11,1227,Naso unicornis,2,Browser
2023,Balingasay,30,v3,12,225,Naso unicornis,1,Browser
2023,Balingasay,30,v3,13,0,None,0,None
2023,Balingasay,30,v3,14,0,None,0,None
2023,Lucero,10,V1,1,0,None,0,None
2023,Lucero,10,V1,2,615,Melichthys vidua,1,Browser
2023,Lucero,10,V1,2,958,Naso lituratus,1,Browser
2023,Lucero,10,V1,3,0,None,0,None
2023,Lucero,10,V1,4,846,Naso lituratus,1,Browser
2023,Lucero,10,V1,5,25,Naso unicornis,1,Browser
2023,Lucero,10,V1,5,,Acanthurus nigrofuscus,1,Grazer
2023,Lucero,10,V1,5,,Chlorurus spilurus,1,Grazer
2023,Lucero,10,V1,6,708,Ctenochaetus striatus,1,Grazer
2023,Lucero,10,V1,6,919,Chlorurus spilurus,1,Grazer
2023,Lucero,10,V1,7,150,Chlorurus spilurus,1,Grazer
2023,Lucero,10,V1,7,742,Naso lituratus,1,Browser
2023,Lucero,10,V1,7,1114,Naso unicornis,1,Browser
2023,Lucero,10,V1,8,610,Melichthys vidua,1,Browser
2023,Lucero,10,V1,8,717,Naso unicornis,1,Browser
2023,Lucero,10,V1,8,,Naso lituratus,1,Browser
2023,Lucero,10,V1,8,930,Chlorurus spilurus,1,Grazer
2023,Lucero,10,V1,9,308,Zebrasoma scopas,1,Grazer
2023,Lucero,10,V1,9,1125,Acanthurus nigrofuscus,2,Grazer
2023,Lucero,10,V1,10,35,Naso lituratus,2,Browser
2023,Lucero,10,V1,10,59,Chlorurus spilurus,1,Grazer
2023,Lucero,10,V1,10,334,Acanthurus nigrofuscus,1,Grazer
2023,Lucero,10,V1,10,334,Melichthys vidua,1,Browser
2023,Lucero,10,V1,10,823,Naso lituratus,1,Browser
2023,Lucero,10,V1,11,0,None,0,None
2023,Lucero,10,V1,12,218,Acanthurus nigrofuscus,1,Grazer
2023,Lucero,10,V1,12,304,Chlorurus spilurus,2,Grazer
2023,Lucero,10,V1,12,4,Naso unicornis,1,Browser
2023,Lucero,10,V1,13,614,Acanthurus nigrofuscus,1,Grazer
2023,Lucero,10,V1,13,1112,Naso lituratus,1,Browser
2023,Lucero,10,V1,14,126,Melichthys vidua,1,Browser
2023,Lucero,10,V1,14,306,Acanthurus nigrofuscus,1,Grazer
2023,Lucero,10,V1,15,0,None,0,None
2023,Lucero,10,V1,16,142,Chlorurus spilurus,1,Grazer
2023,Lucero,10,V1,16,744,Naso lituratus,1,Browser
2023,Lucero,10,V1,17,1048,Acanthurus nigrofuscus,1,Grazer
2023,Lucero,10,V1,18,434,Chlorurus spilurus,2,Grazer
2023,Lucero,10,V1,19,330,Acanthurus nigrofuscus,2,Grazer
2023,Lucero,10,V1,20,231,Chlorurus spilurus,1,Grazer
2023,Lucero,10,V1,21,0,None,0,None
2023,Lucero,10,v2,1,223,Melichthys vidua,1,Browser
2023,Lucero,10,v2,1,1601,Acanthurus nigrofuscus,1,Grazer
2023,Lucero,10,v2,2,1059,Acanthurus nigrofuscus,1,Grazer
2023,Lucero,10,v2,2,948,Chlorurus spilurus,1,Grazer
2023,Lucero,10,v2,3,0,None,0,None
2023,Lucero,10,v2,4,634,Melichthys vidua,1,Browser
2023,Lucero,10,v2,4,145,Chlorurus spilurus,1,Grazer
2023,Lucero,10,v2,5,600,Acanthurus nigrofuscus,1,Grazer
2023,Lucero,10,v2,5,812,Chlorurus spilurus,2,Grazer
2023,Lucero,10,v2,6,140,Chlorurus spilurus,1,Grazer
2023,Lucero,10,v2,6,853,Scarus chameleon,1,Grazer
2023,Lucero,10,v2,6,1019,Acanthurus nigrofuscus,1,Grazer
2023,Lucero,10,v2,6,1039,Melichthys vidua,1,Browser
2023,Lucero,10,v2,7,546,Scarus chameleon,1,Grazer
2023,Lucero,10,v2,7,1130,Acanthurus nigrofuscus,1,Grazer
2023,Lucero,10,v2,7,1540,Chlorurus spilurus,1,Grazer
2023,Lucero,10,v2,8,48,Scarus chameleon,1,Grazer
2023,Lucero,10,v2,8,242,Chlorurus spilurus,1,Grazer
2023,Lucero,10,v2,8,1007,Melichthys vidua,2,Browser
2023,Lucero,10,v2,8,1336,Acanthurus nigrofuscus,1,Grazer
2023,Lucero,10,v2,8,1503,Naso lituratus,1,Browser
2023,Lucero,10,v2,9,40,Acanthurus nigrofuscus,1,Grazer
2023,Lucero,10,v2,9,300,Scarus chameleon,1,Grazer
2023,Lucero,10,v2,9,726,Chlorurus spilurus,1,Grazer
2023,Lucero,10,v2,10,30,Acanthurus nigrofuscus,1,Grazer
2023,Lucero,10,v2,11,908,Acanthurus nigrofuscus,2,Grazer
2023,Lucero,10,v2,11,308,Scarus chameleon,1,Grazer
2023,Lucero,10,v2,11,716,Melichthys vidua,1,Browser
2023,Lucero,10,v2,12,26,Chlorurus spilurus,1,Grazer
2023,Lucero,10,v2,12,412,Acanthurus nigrofuscus,1,Grazer
2023,Lucero,10,v3,1,129,Naso lituratus,1,Browser
2023,Lucero,10,v3,1,205,Acanthurus nigrofuscus,6,Grazer
2023,Lucero,10,v3,1,1724,Scarus ghobban,1,Grazer
2023,Lucero,10,v3,2,107,Scarus forsteni,1,Grazer
2023,Lucero,10,v3,2,346,scarus niger,1,Grazer
2023,Lucero,10,v3,2,651,Naso lituratus,1,Browser
2023,Lucero,10,v3,2,747,Hipposcarus longiceps,1,Grazer
2023,Lucero,10,v3,2,1705,Acanthurus nigrofuscus,5,Grazer
2023,Lucero,10,v3,3,132,Chlorurus spilurus,1,Grazer
2023,Lucero,10,v3,3,1639,Naso brachycentron,1,Browser
2023,Lucero,10,v3,3,1723,Acanthurus nigrofuscus,5,Grazer
2023,Lucero,10,v3,4,610,Chlorurus spilurus,1,Grazer
2023,Lucero,10,v3,4,827,Naso lituratus,1,Browser
2023,Lucero,10,v3,4,842,Melichthys vidua,1,Browser
2023,Lucero,10,v3,4,1024,Acanthurus nigrofuscus,8,Grazer
2023,Lucero,10,v3,4,1219,Scarus rivulatus,1,Grazer
2023,Lucero,10,v3,4,1427,Scarus forsteni,1,Grazer
2023,Lucero,10,v3,5,57,Chlorurus spilurus,1,Grazer
2023,Lucero,10,v3,5,204,Acanthurus nigrofuscus,2,Grazer
2023,Lucero,10,v3,5,313,Hipposcarus longiceps,1,Grazer
2023,Lucero,10,v3,5,338,Scarus rivulatus,1,Grazer
2023,Lucero,10,v3,5,1226,Naso lituratus,1,Browser
2023,Lucero,10,v3,6,106,Scarus forsteni,1,Grazer
2023,Lucero,10,v3,6,323,Siganus guttatus,2,Grazer
2023,Lucero,10,v3,6,718,Naso lituratus,1,Browser
2023,Lucero,10,v3,6,1054,Chlorurus spilurus,1,Grazer
2023,Lucero,10,v3,6,1253,Acanthurus nigrofuscus,1,Grazer
2023,Lucero,10,v3,7,36,Naso lituratus,2,Browser
2023,Lucero,10,v3,7,518,Acanthurus nigrofuscus,2,Grazer
2023,Lucero,10,v3,7,810,Scarus rivulatus,1,Grazer
2023,Lucero,10,v3,7,1036,Melichthys vidua,1,Browser
2023,Lucero,10,v3,7,1103,Siganus guttatus,2,Grazer
2023,Lucero,10,v3,7,1103,Naso unicornis,1,Browser
2023,Lucero,10,v3,7,1720,Siganus argenteus,1,Browser
2023,Lucero,10,v3,8,142,Acanthurus nigrofuscus,4,Grazer
2023,Lucero,10,v3,8,310,Chlorurus spilurus,3,Grazer
2023,Lucero,10,v3,8,436,Naso lituratus,1,Browser
2023,Lucero,10,v3,8,552,Scarus schlegi,1,Grazer
2023,Lucero,10,v3,8,1015,Acanthurus grammoptilus,3,Grazer
2023,Lucero,10,v3,8,734,Acanthurus nigrofuscus,1,Grazer
2023,Lucero,10,v3,9,1351,Chlorurus spilurus,1,Grazer
2023,Lucero,10,v3,9,1507,Acanthurus nigrofuscus,2,Grazer
2023,Lucero,10,v3,10,124,Acanthurus nigrofuscus,2,Grazer
2023,Lucero,10,v3,10,530,Siganus guttatus,1,Grazer
2023,Lucero,10,v3,10,629,Chlorurus spilurus,1,Grazer
2023,Lucero,10,v3,10,1102,Melichthys vidua,1,Browser
2023,Lucero,10,v3,10,1124,Hipposcarus longiceps,1,Grazer
2023,Lucero,10,v3,10,1442,Scarus forsteni,1,Grazer
2023,Lucero,10,v3,11,151,Acanthurus nigrofuscus,3,Grazer
2023,Lucero,10,v3,11,702,Scarus forsteni,1,Grazer
2023,Lucero,10,v3,11,902,Naso lituratus,1,Browser
2023,Lucero,10,v3,11,1541,Chlorurus spilurus,1,Grazer
2023,Lucero,10,v3,12,19,Acanthurus grammoptilus,1,Grazer
2023,Lucero,10,v3,12,100,Naso lituratus,1,Browser
2023,Lucero,10,v3,12,537,Chlorurus spilurus,1,Grazer
2023,Lucero,10,v3,12,716,Acanthurus nigrofuscus,3,Grazer
2023,Lucero,10,v3,12,834,Acanthurus pyroferus,2,Grazer
2023,Lucero,10,v3,12,858,Scarus forsteni,1,Grazer
2023,Lucero,10,v4,1,138,Melichthys vidua,1,Browser
2023,Lucero,10,v4,1,357,Naso brachycentron,2,Browser
2023,Lucero,10,v4,1,958,Scarus chameleon,1,Grazer
2023,Lucero,10,v4,2,314,Acanthurus nigrofuscus,1,Grazer
2023,Lucero,10,v4,2,747,Naso lituratus,1,Browser
2023,Lucero,10,v4,2,847,Chlorurus spilurus,1,Grazer
2023,Lucero,10,v4,2,1002,Naso brachycentron,1,Browser
2023,Lucero,10,v4,3,0,None,0,None
2023,Lucero,10,v4,4,16,Melichthys vidua,1,Browser
2023,Lucero,10,v4,4,828,Naso lituratus,1,Browser
2023,Lucero,10,v4,5,400,Chlorurus spilurus,1,Grazer
2023,Lucero,10,v4,5,507,Naso lituratus,1,Browser
2023,Lucero,10,v4,5,751,Chlorurus spilurus,1,Grazer
2023,Lucero,10,v4,6,340,Melichthys vidua,1,Browser
2023,Lucero,10,v4,6,148,Chlorurus spilurus,1,Grazer
2023,Lucero,10,v4,7,929,Acanthurus nigrofuscus,1,Grazer
2023,Lucero,10,v4,8,324,Acanthurus nigrofuscus,1,Grazer
2023,Lucero,10,v4,8,901,Chlorurus spilurus,1,Grazer
2023,Lucero,10,v4,9,807,Acanthurus nigrofuscus,1,Grazer
2023,Lucero,10,v4,10,518,Naso lituratus,1,Browser
2023,Lucero,10,v4,11,0,None,0,None
2023,Lucero,10,v4,12,107,Chlorurus spilurus,1,Grazer
2023,Lucero,10,v4,13,124,Melichthys vidua,1,Browser
2023,Lucero,10,v4,14,344,Acanthurus nigrofuscus,1,Grazer
2023,Lucero,10,v4,14,712,Chlorurus spilurus,1,Grazer
2023,Lucero,10,v4,15,119,Acanthurus nigrofuscus,1,Grazer
2023,Lucero,10,v4,15,228,Naso unicornis,1,Browser
2023,Lucero,10,v4,16,24,Acanthurus nigrofuscus,2,Grazer
2023,Lucero,10,v4,17,0,None,0,None
2023,Lucero,10,v4,18,401,Acanthurus nigrofuscus,1,Grazer
2023,Lucero,10,v4,19,514,Naso brachycentron,1,Browser
2023,Lucero,10,v4,20,144,Naso brachycentron,1,Browser
2023,Lucero,10,v4,20,330,Scarus rivulatus,1,Grazer
2023,Lucero,10,v4,20,400,Chlorurus spilurus,1,Grazer
2023,Lucero,10,v4,20,545,Acanthurus nigrofuscus,1,Grazer
2023,Lucero,10,v4,20,616,Scarus rivulatus,1,Grazer
2023,Lucero,10,v5,1,34,Acanthurus nigrofuscus,4,Grazer
2023,Lucero,10,v5,1,115,Melichthys vidua,1,Browser
2023,Lucero,10,v5,2,48,Acanthurus nigrofuscus,1,Grazer
2023,Lucero,10,v5,2,211,Scarus rivulatus,1,Grazer
2023,Lucero,10,v5,2,234,Naso lituratus,1,Browser
2023,Lucero,10,v5,2,638,Chlorurus spilurus,1,Grazer
2023,Lucero,10,v5,2,1641,Melichthys vidua,2,Browser
2023,Lucero,10,v5,3,258,Acanthurus nigrofuscus,4,Grazer
2023,Lucero,10,v5,3,618,Chlorurus spilurus,1,Grazer
2023,Lucero,10,v5,4,521,Melichthys vidua,1,Browser
2023,Lucero,10,v5,4,1020,Acanthurus nigrofuscus,2,Grazer
2023,Lucero,10,v5,4,1723,Chlorurus spilurus,1,Grazer
2023,Lucero,10,v5,5,36,Acanthurus nigrofuscus,2,Grazer
2023,Lucero,10,v5,5,714,Melichthys vidua,1,Browser
2023,Lucero,10,v5,5,1116,Chlorurus spilurus,1,Grazer
2023,Lucero,10,v5,6,205,Melichthys vidua,1,Browser
2023,Lucero,10,v5,6,313,Acanthurus nigrofuscus,2,Grazer
2023,Lucero,10,v5,7,430,Acanthurus nigrofuscus,1,Grazer
2023,Lucero,10,v5,7,900,Melichthys vidua,1,Browser
2023,Lucero,10,v5,8,240,Naso brachycentron,1,Browser
2023,Lucero,10,v5,8,330,Melichthys vidua,1,Browser
2023,Lucero,10,v5,9,106,Acanthurus nigrofuscus,1,Grazer
2023,Lucero,10,v5,9,529,Chlorurus spilurus,1,Grazer
2023,Lucero,10,v5,10,17,Acanthurus nigrofuscus,2,Grazer
2023,Lucero,10,v5,10,1612,Melichthys vidua,2,Browser
2023,Lucero,10,v5,11,336,Melichthys vidua,1,Browser
2023,Lucero,20,v1,1,440,Acanthurus pyroferus,3,Grazer
2023,Lucero,20,v1,1,,Chlorurus bowersi,1,Grazer
2023,Lucero,20,v1,1,,Chlorurus spilurus,3,Grazer
2023,Lucero,20,v1,1,517,Ctenochaetus striatus,1,Grazer
2023,Lucero,20,v1,1,726,Scarus chameleon,1,Grazer
2023,Lucero,20,v1,2,0,None,0,None
2023,Lucero,20,v1,3,0,None,0,None
2023,Lucero,20,v1,4,732,Ctenochaetus striatus,1,Grazer
2023,Lucero,20,v1,4,1116,Zebrasoma scopas,1,Grazer
2023,Lucero,20,v1,5,36,Acanthurus nigrofuscus,1,Grazer
2023,Lucero,20,v1,5,226,Naso lituratus,1,Browser
2023,Lucero,20,v1,6,0,None,0,None
2023,Lucero,20,v1,7,0,None,0,None
2023,Lucero,20,v1,8,0,None,0,None
2023,Lucero,20,v1,9,0,None,0,None
2023,Lucero,20,v1,10,0,None,0,None
2023,Lucero,20,v1,11,0,None,0,None
2023,Lucero,20,v1,12,0,None,0,None
2023,Lucero,20,v1,13,0,None,0,None
2023,Lucero,20,v1,14,0,None,0,None
2023,Lucero,20,v1,15,0,None,0,None
2023,Lucero,20,v1,16,0,None,0,None
2023,Lucero,20,v1,17,0,None,0,None
2023,Lucero,20,v1,18,0,None,0,None
2023,Lucero,20,v1,19,0,None,0,None
2023,Lucero,20,v1,20,0,None,0,None
2023,Lucero,20,v1,21,0,None,0,None
2023,Lucero,20,v2,1,1653,Naso lituratus,1,Browser
2023,Lucero,20,v2,2,0,None,0,None
2023,Lucero,20,v2,3,114,Naso unicornis,5,Browser
2023,Lucero,20,v2,4,340,Acanthurus nigrofuscus,1,Grazer
2023,Lucero,20,v2,5,0,None,0,None
2023,Lucero,20,v2,6,1032,Naso unicornis,1,Browser
2023,Lucero,20,v2,7,130,Scarus forsteni,1,Grazer
2023,Lucero,20,v2,8,0,None,0,None
2023,Lucero,20,v2,9,0,None,0,None
2023,Lucero,20,v2,10,0,None,0,None
2023,Lucero,20,v2,11,0,None,0,None
2023,Lucero,20,v2,12,815,Scarus forsteni,1,Grazer
2023,Lucero,20,v2,13,0,None,0,None
2023,Lucero,20,v2,14,555,Naso unicornis,1,Browser
2023,Lucero,20,v2,15,0,None,0,None
2023,Lucero,20,v3,1,910,Naso unicornis,1,Browser
2023,Lucero,20,v3,2,0,None,0,None
2023,Lucero,20,v3,3,644,Acanthurus nigrofuscus,1,Grazer
2023,Lucero,20,v3,4,0,None,0,None
2023,Lucero,20,v3,5,1310,Cetoscarus bicolor,1,Grazer
2023,Lucero,20,v3,6,133,Acanthurus nigrofuscus,1,Grazer
2023,Lucero,20,v3,6,1631,Hipposcarus longiceps,2,Grazer
2023,Lucero,20,v3,7,0,None,0,None
2023,Lucero,20,v3,8,110,Acanthurus nigrofuscus,1,Grazer
2023,Lucero,20,v3,9,0,None,0,None
2023,Lucero,20,v3,10,1120,Naso unicornis,1,Browser
2023,Lucero,20,v3,11,0,None,0,None
2023,Lucero,20,v3,12,1015,Naso unicornis,1,Browser
2023,Lucero,20,v3,13,0,None,0,None
2023,Lucero,20,v3,14,0,None,0,None
2023,Lucero,20,v3,15,257,Naso unicornis,1,Browser
2023,Lucero,30,v1,1,522,Scarus forsteni,1,Grazer
2023,Lucero,30,v1,1,925,Acanthurus nigrofuscus,2,Grazer
2023,Lucero,30,v1,1,1037,Centropyge bicolor,1,Grazer
2023,Lucero,30,v1,1,1123,Scarus forsteni,1,Grazer
2023,Lucero,30,v1,2,17,Centropyge vroliki,1,Grazer
2023,Lucero,30,v1,2,58,Centropyge bicolor,1,Grazer
2023,Lucero,30,v1,2,304,Scarus forsteni,1,Grazer
2023,Lucero,30,v1,2,,Naso unicornis,1,Browser
2023,Lucero,30,v1,2,329,Acanthurus nigrofuscus,2,Grazer
2023,Lucero,30,v1,3,1400,Naso unicornis,2,Browser
2023,Lucero,30,v1,4,138,Naso unicornis,1,Browser
2023,Lucero,30,v1,4,711,Acanthurus nigrofuscus,2,Grazer
2023,Lucero,30,v1,5,459,Hipposcarus longiceps,1,Grazer
2023,Lucero,30,v1,5,801,Acanthurus nigrofuscus,1,Grazer
2023,Lucero,30,v1,5,801,Centropyge vroliki,1,Grazer
2023,Lucero,30,v1,5,859,Siganus doliatus,2,Browser
2023,Lucero,30,v1,6,820,Centropyge bicolor,1,Grazer
2023,Lucero,30,v1,6,832,Chlorurus spilurus,1,Grazer
2023,Lucero,30,v1,6,840,Acanthurus nigrofuscus,1,Grazer
2023,Lucero,30,v1,6,1705,Centropyge vroliki,1,Grazer
2023,Lucero,30,v1,7,7,Chlorurus spilurus,1,Grazer
2023,Lucero,30,v1,7,10,Centropyge bicolor,1,Grazer
2023,Lucero,30,v1,7,48,Acanthurus nigrofuscus,1,Grazer
2023,Lucero,30,v1,7,248,Naso unicornis,1,Browser
2023,Lucero,30,v1,7,844,scarus niger,1,Grazer
2023,Lucero,30,v1,8,0,None,0,None
2023,Lucero,30,v1,9,0,None,0,None
2023,Lucero,30,v1,10,151,scarus niger,1,Grazer
2023,Lucero,30,v1,11,49,Hipposcarus longiceps,1,Grazer
2023,Lucero,30,v1,11,208,Centropyge vroliki,1,Grazer
2023,Lucero,30,v1,11,323,Siganus doliatus,2,Browser
2023,Lucero,30,v1,12,0,None,0,None
2023,Lucero,30,v1,13,719,Scarus chameleon,1,Grazer
2023,Lucero,30,v1,14,944,Acanthurus nigrofuscus,2,Grazer
2023,Lucero,30,v1,15,0,None,0,None
2023,Lucero,30,v2,1,137,Acanthurus pyroferus,2,Grazer
2023,Lucero,30,v2,1,,scarus niger,1,Grazer
2023,Lucero,30,v2,1,147,Scarus rivulatus,1,Grazer
2023,Lucero,30,v2,1,200,Chlorurus spilurus,2,Grazer
2023,Lucero,30,v2,1,,Acanthurus nigrofuscus,1,Grazer
2023,Lucero,30,v2,1,328,Centropyge tibicen,1,Grazer
2023,Lucero,30,v2,1,349,Siganus doliatus,2,Browser
2023,Lucero,30,v2,1,757,Centropyge bispinossa,1,Grazer
2023,Lucero,30,v2,1,816,Centropyge vroliki,1,Grazer
2023,Lucero,30,v2,1,1008,Scarus ghobban,2,Grazer
2023,Lucero,30,v2,2,0,None,0,None
2023,Lucero,30,v2,3,0,None,0,None
2023,Lucero,30,v2,4,215,Chlorurus spilurus,1,Grazer
2023,Lucero,30,v2,4,915,Hipposcarus longiceps,1,Grazer
2023,Lucero,30,v2,4,841,Scarus rivulatus,1,Grazer
2023,Lucero,30,v2,5,7,Acanthurus pyroferus,1,Grazer
2023,Lucero,30,v2,5,755,Siganus doliatus,1,Browser
2023,Lucero,30,v2,5,900,Scarus rivulatus,1,Grazer
2023,Lucero,30,v2,6,750,Chlorurus spilurus,1,Grazer
2023,Lucero,30,v2,7,447,Acanthurus pyroferus,1,Grazer
2023,Lucero,30,v2,7,614,Centropyge bispinossa,4,Grazer
2023,Lucero,30,v2,7,818,Scarus ghobban,1,Grazer
2023,Lucero,30,v2,8,102,Acanthurus nigrofuscus,1,Grazer
2023,Lucero,30,v2,9,1010,Acanthurus nigrofuscus,1,Grazer
2023,Lucero,30,v2,9,1124,Chlorurus spilurus,1,Grazer
2023,Lucero,30,v2,10,900,Acanthurus pyroferus,1,Grazer
2023,Lucero,30,v2,10,1007,Centropyge vroliki,1,Grazer
2023,Lucero,30,v2,11,226,Siganus doliatus,1,Browser
2023,Lucero,30,v2,11,333,Centropyge vroliki,1,Grazer
2023,Lucero,30,v2,11,407,Centropyge tibicen,1,Grazer
2023,Lucero,30,v2,11,620,Centropyge bispinossa,3,Grazer
2023,Lucero,30,v2,12,32,Hipposcarus longiceps,4,Grazer
2023,Lucero,30,v2,12,910,Centropyge vroliki,3,Grazer
2023,Lucero,30,v2,12,,Centropyge tibicen,1,Grazer
2023,Lucero,30,v2,13,58,Scarus rivulatus,1,Grazer
2023,Lucero,30,v2,13,619,Hipposcarus longiceps,1,Grazer
2023,Lucero,30,v2,14,826,Hipposcarus longiceps,1,Grazer
2023,Lucero,30,v2,15,906,Centropyge vroliki,1,Grazer
2023,Lucero,30,v2,16,423,Centropyge tibicen,1,Grazer
2023,Lucero,30,v2,16,830,Centropyge bispinossa,1,Grazer
2023,Lucero,30,v2,17,635,Acanthurus nigrofuscus,1,Grazer
2023,Lucero,30,v2,17,911,Centropyge vroliki,2,Grazer
2023,Lucero,30,v2,18,134,Siganus guttatus,2,Grazer
2023,Lucero,30,v2,18,137,Scarus ghobban,1,Grazer
2023,Lucero,30,v2,18,148,Acanthurus nigrofuscus,1,Grazer
2023,Lucero,30,v2,18,705,Acanthurus pyroferus,1,Grazer
2023,Lucero,30,v2,19,258,Siganus doliatus,1,Browser
2023,Lucero,30,v2,19,734,Acanthurus pyroferus,1,Grazer
2023,Lucero,30,v2,20,0,None,0,None
2023,Lucero,30,v2,21,910,Centropyge bispinossa,2,Grazer
2023,Lucero,30,v2,21,939,Centropyge heraldi,1,Grazer
2023,Lucero,30,v3,1,1052,Naso unicornis,1,Browser
2023,Lucero,30,v3,1,1730,Centropyge vroliki,1,Grazer
2023,Lucero,30,v3,2,54,Centropyge vroliki,1,Grazer
2023,Lucero,30,v3,2,649,Centropyge tibicen,1,Grazer
2023,Lucero,30,v3,2,813,scarus niger,1,Grazer
2023,Lucero,30,v3,2,813,Acanthurus nigrofuscus,2,Grazer
2023,Lucero,30,v3,2,1056,Scarus dimidiatus,2,Grazer
2023,Lucero,30,v3,2,1554,Chlorurus spilurus,1,Grazer
2023,Lucero,30,v3,3,239,Acanthurus nigrofuscus,3,Grazer
2023,Lucero,30,v3,3,404,Chlorurus spilurus,1,Grazer
2023,Lucero,30,v3,3,610,Naso unicornis,1,Browser
2023,Lucero,30,v3,4,606,Acanthurus nigrofuscus,3,Grazer
2023,Lucero,30,v3,5,505,Acanthurus nigrofuscus,2,Grazer
2023,Lucero,30,v3,5,653,Scarus ghobban,1,Grazer
2023,Lucero,30,v3,6,604,Centropyge vroliki,1,Grazer
2023,Lucero,30,v3,7,310,Chlorurus spilurus,1,Grazer
2023,Lucero,30,v3,7,1246,Acanthurus pyroferus,1,Grazer
2023,Lucero,30,v3,8,950,Naso unicornis,1,Browser
2023,Lucero,30,v3,8,1413,Chlorurus spilurus,1,Grazer
2023,Lucero,30,v3,8,1431,Scarus ghobban,1,Grazer
2023,Lucero,30,v3,8,1513,Acanthurus nigrofuscus,1,Grazer
2023,Lucero,30,v3,9,450,Centropyge tibicen,1,Grazer
2023,Lucero,30,v3,9,1032,Acanthurus nigrofuscus,2,Grazer
2023,Lucero,30,v3,9,1400,Scarus ghobban,1,Grazer
2023,Lucero,30,v3,9,1452,Chlorurus spilurus,1,Grazer
2023,Lucero,30,v3,10,100,Chlorurus spilurus,1,Grazer
2023,Lucero,30,v3,10,945,Acanthurus pyroferus,2,Grazer
2023,Lucero,30,v3,10,523,Centropyge vroliki,2,Grazer
2023,Lucero,30,v3,10,945,Siganus doliatus,2,Browser
2023,Lucero,30,v3,10,1003,Scarus ghobban,1,Grazer
2023,Lucero,30,v3,10,1300,Acanthurus nigrofuscus,1,Grazer
2023,Lucero,30,v3,10,1550,Centropyge tibicen,1,Grazer
2023,Lucero,30,v3,11,152,Acanthurus pyroferus,1,Grazer
2023,Lucero,30,v3,11,209,Siganus doliatus,2,Browser
2023,Lucero,30,v3,11,321,Acanthurus nigrofuscus,4,Grazer
2023,Lucero,30,v3,11,739,Chlorurus spilurus,1,Grazer
2023,Lucero,30,v3,12,455,Chlorurus spilurus,1,Grazer
2023,Lucero,30,v3,12,737,Acanthurus nigrofuscus,3,Grazer
2023,Lucero,30,v3,12,1257,Acanthurus pyroferus,1,Grazer
2023,Lucero,30,v3,12,1643,Siganus doliatus,2,Browser
2023,Lucero,30,v3,13,105,Chlorurus spilurus,1,Grazer
2023,Lucero,30,v3,13,250,Acanthurus pyroferus,3,Grazer
2023,Lucero,30,v3,13,550,Centropyge vroliki,1,Grazer
2023,Lucero,30,v3,14,36,Centropyge tibicen,1,Grazer
2023,Lucero,30,v3,14,441,Chlorurus spilurus,1,Grazer
2023,Lucero,30,v3,14,536,Acanthurus pyroferus,1,Grazer
2023,Lucero,30,v3,14,722,Platax teira,1,Browser
2023,Lucero,30,v3,14,1318,Acanthurus nigrofuscus,2,Grazer
2023,Lucero,30,v3,14,1620,Naso caeruleacauda,1,Grazer
2023,Lucero,30,v3,15,149,Acanthurus nigrofuscus,1,Grazer
2023,Lucero,50,v1,1,1547,Naso unicornis,1,Browser
2023,Lucero,50,v1,2,1036,Naso unicornis,1,Browser
2023,Lucero,50,v1,3,543,Naso unicornis,1,Browser
2023,Lucero,50,v1,4,629,Naso unicornis,1,Browser
2023,Lucero,50,v1,5,302,Naso unicornis,1,Browser
2023,Lucero,50,v1,6,421,Naso unicornis,1,Browser
2023,Lucero,50,v1,7,1016,Naso unicornis,1,Browser
2023,Lucero,50,v1,8,1536,Naso unicornis,1,Browser
2023,Lucero,50,v1,9,0,None,0,None
2023,Lucero,50,v2,1,0,None,0,None
2023,Lucero,50,v2,2,0,None,0,None
2023,Lucero,50,v2,3,0,None,0,None
2023,Lucero,50,v2,4,0,None,0,None
2023,Lucero,50,v2,5,0,None,0,None
2023,Lucero,50,v2,6,0,None,0,None
2023,Lucero,50,v2,7,0,None,0,None
2023,Lucero,50,v2,8,0,None,0,None
2023,Lucero,50,v2,9,0,None,0,None
2023,Lucero,50,v2,10,0,None,0,None
2023,Lucero,50,v2,11,0,None,0,None
2023,Lucero,50,v2,12,0,None,0,None
2023,Lucero,50,v2,13,0,None,0,None
2023,Lucero,50,v3,1,0,None,0,None
2023,Lucero,50,v3,2,0,None,0,None
2023,Lucero,50,v3,3,0,None,0,None
2023,Lucero,50,v3,4,0,None,0,None
2023,Lucero,50,v3,5,940,Naso unicornis,1,Browser
2023,Lucero,50,v3,6,0,None,0,None
2023,Lucero,50,v3,7,0,None,0,None
2023,Lucero,50,v3,8,0,None,0,None
2023,Lucero,50,v3,9,0,None,0,None
2023,Silaki,10,v1,1,110,Acanthurus nigrofuscus,2,Grazer
2023,Silaki,10,v1,1,844,Siganus guttatus,1,Grazer
2023,Silaki,10,v1,1,1418,Ctenochaetus striatus,4,Grazer
2023,Silaki,10,v1,1,1734,Naso lituratus,1,Browser
2023,Silaki,10,v1,1,1734,Siganus javus,1,Browser
2023,Silaki,10,v1,2,5,Centropyge vroliki,1,Grazer
2023,Silaki,10,v1,2,7,Siganus javus,1,Browser
2023,Silaki,10,v1,2,,Chlorurus spilurus,1,Grazer
2023,Silaki,10,v1,2,451,Acanthurus nigrofuscus,2,Grazer
2023,Silaki,10,v1,2,629,Naso lituratus,2,Browser
2023,Silaki,10,v1,2,711,Ctenochaetus striatus,2,Grazer
2023,Silaki,10,v1,2,1629,Melichthys vidua,1,Browser
2023,Silaki,10,v1,3,143,Melichthys vidua,1,Browser
2023,Silaki,10,v1,3,210,Chlorurus bowersi,1,Grazer
2023,Silaki,10,v1,3,259,Ctenochaetus striatus,1,Grazer
2023,Silaki,10,v1,3,428,Naso lituratus,2,Browser
2023,Silaki,10,v1,3,444,Siganus javus,1,Browser
2023,Silaki,10,v1,3,545,Centropyge vroliki,1,Grazer
2023,Silaki,10,v1,3,832,Chlorurus spilurus,1,Grazer
2023,Silaki,10,v1,3,847,Chlorurus bowersi,1,Grazer
2023,Silaki,10,v1,3,1132,Naso lituratus,2,Browser
2023,Silaki,10,v1,4,127,Melichthys vidua,1,Browser
2023,Silaki,10,v1,4,131,Chlorurus bowersi,1,Grazer
2023,Silaki,10,v1,4,302,Siganus guttatus,1,Grazer
2023,Silaki,10,v1,4,322,Naso lituratus,2,Browser
2023,Silaki,10,v1,4,506,Acanthurus nigrofuscus,2,Grazer
2023,Silaki,10,v1,4,1104,Ctenochaetus striatus,1,Grazer
2023,Silaki,10,v1,4,1141,Siganus javus,1,Browser
2023,Silaki,10,v1,4,1327,Scarus rivulatus,1,Grazer
2023,Silaki,10,v1,5,56,Naso lituratus,1,Browser
2023,Silaki,10,v1,5,129,Chlorurus spilurus,1,Grazer
2023,Silaki,10,v1,5,156,Siganus fuscescens,2,Grazer
2023,Silaki,10,v1,5,525,Centropyge vroliki,1,Grazer
2023,Silaki,10,v1,5,626,Melichthys vidua,1,Browser
2023,Silaki,10,v1,5,646,Acanthurus nigrofuscus,2,Grazer
2023,Silaki,10,v1,5,844,Siganus javus,1,Browser
2023,Silaki,10,v1,5,1543,Ctenochaetus striatus,2,Grazer
2023,Silaki,10,v1,5,1715,Chlorurus bowersi,1,Grazer
2023,Silaki,10,v1,6,257,Chlorurus spilurus,1,Grazer
2023,Silaki,10,v1,6,257,Siganus fuscescens,1,Grazer
2023,Silaki,10,v1,6,430,Hipposcarus longiceps,1,Grazer
2023,Silaki,10,v1,6,430,Naso lituratus,1,Browser
2023,Silaki,10,v1,6,501,Naso unicornis,1,Browser
2023,Silaki,10,v1,6,638,Centropyge vroliki,1,Grazer
2023,Silaki,10,v1,6,1158,Melichthys vidua,1,Browser
2023,Silaki,10,v1,6,1113,Naso brachycentron,2,Browser
2023,Silaki,10,v1,6,1602,Acanthurus nigrofuscus,3,Grazer
2023,Silaki,10,v1,6,1602,Chlorurus bowersi,1,Grazer
2023,Silaki,10,v1,7,610,Acanthurus nigrofuscus,3,Grazer
2023,Silaki,10,v1,7,920,Melichthys vidua,1,Browser
2023,Silaki,10,v1,7,1228,Chlorurus spilurus,1,Grazer
2023,Silaki,10,v1,7,1423,Naso lituratus,1,Browser
2023,Silaki,10,v1,8,353,Naso lituratus,1,Browser
2023,Silaki,10,v1,8,654,Acanthurus nigrofuscus,2,Grazer
2023,Silaki,10,v1,8,746,Siganus javus,1,Browser
2023,Silaki,10,v1,8,800,Melichthys vidua,1,Browser
2023,Silaki,10,v1,8,1050,Chlorurus spilurus,2,Grazer
2023,Silaki,10,v1,8,1112,Chlorurus bowersi,1,Grazer
2023,Silaki,10,v1,8,1134,Ctenochaetus striatus,2,Grazer
2023,Silaki,10,v1,9,38,Acanthurus nigrofuscus,2,Grazer
2023,Silaki,10,v2,1,147,Scarus chameleon,1,Grazer
2023,Silaki,10,v2,1,345,Scarus ghobban,1,Grazer
2023,Silaki,10,v2,1,422,Siganus javus,1,Browser
2023,Silaki,10,v2,1,447,Acanthurus nigricans,2,Grazer
2023,Silaki,10,v2,1,,Chlorurus spilurus,2,Grazer
2023,Silaki,10,v2,1,457,Zebrasoma scopas,1,Grazer
2023,Silaki,10,v2,1,548,Siganus argenteus,6,Browser
2023,Silaki,10,v2,1,1035,Naso lituratus,3,Browser
2023,Silaki,10,v2,1,1251,Melichthys vidua,1,Browser
2023,Silaki,10,v2,1,1258,Kyphosus vaigiensis,1,Browser
2023,Silaki,10,v2,1,1520,Scarus globiceps,1,Grazer
2023,Silaki,10,v2,1,1703,Scarus hypselopterus,1,Grazer
2023,Silaki,10,v2,2,6,Ctenochaetus striatus,4,Grazer
2023,Silaki,10,v2,2,30,Chlorurus bowersi,1,Grazer
2023,Silaki,10,v2,2,214,Naso lituratus,2,Browser
2023,Silaki,10,v2,2,231,Acanthurus nigricans,1,Grazer
2023,Silaki,10,v2,2,309,Zebrasoma scopas,1,Grazer
2023,Silaki,10,v2,2,553,Hipposcarus longiceps,13,Grazer
2023,Silaki,10,v2,2,650,Scarus globiceps,1,Grazer
2023,Silaki,10,v2,2,737,Chlorurus spilurus,1,Grazer
2023,Silaki,10,v2,2,742,Melichthys vidua,1,Browser
2023,Silaki,10,v2,2,906,Acanthurus nigrofuscus,2,Grazer
2023,Silaki,10,v2,2,1016,Siganus argenteus,1,Browser
2023,Silaki,10,v2,2,1632,Chlorurus bowersi,1,Grazer
2023,Silaki,10,v2,3,38,Ctenochaetus striatus,2,Grazer
2023,Silaki,10,v2,3,101,Chlorurus bowersi,1,Grazer
2023,Silaki,10,v2,3,226,Chlorurus spilurus,1,Grazer
2023,Silaki,10,v2,3,252,Naso lituratus,1,Browser
2023,Silaki,10,v2,3,546,Melichthys vidua,1,Browser
2023,Silaki,10,v2,3,,Acanthurus nigrofuscus,2,Grazer
2023,Silaki,10,v2,3,706,Zebrasoma scopas,1,Grazer
2023,Silaki,10,v2,3,803,Chlorurus bleekeri,1,Grazer
2023,Silaki,10,v2,3,939,Siganus argenteus,1,Browser
2023,Silaki,10,v2,4,7,Naso lituratus,1,Browser
2023,Silaki,10,v2,4,123,Melichthys vidua,1,Browser
2023,Silaki,10,v2,4,422,Chlorurus spilurus,2,Grazer
2023,Silaki,10,v2,4,532,Zebrasoma veliferum,2,Grazer
2023,Silaki,10,v2,4,624,Acanthurus nigrofuscus,2,Grazer
2023,Silaki,10,v2,4,643,Chlorurus bowersi,1,Grazer
2023,Silaki,10,v2,4,719,Siganus argenteus,2,Browser
2023,Silaki,10,v2,4,946,Scarus globiceps,1,Grazer
2023,Silaki,10,v2,4,1718,Zebrasoma scopas,2,Grazer
2023,Silaki,10,v2,4,1724,Acanthurus nigricans,2,Grazer
2023,Silaki,10,v2,5,1,Chlorurus spilurus,1,Grazer
2023,Silaki,10,v2,5,37,Acanthurus nigrofuscus,2,Grazer
2023,Silaki,10,v2,5,115,Siganus argenteus,1,Browser
2023,Silaki,10,v2,5,234,Naso lituratus,1,Browser
2023,Silaki,10,v2,5,410,Zebrasoma scopas,2,Grazer
2023,Silaki,10,v2,5,451,Chlorurus bowersi,1,Grazer
2023,Silaki,10,v2,5,553,Melichthys vidua,1,Browser
2023,Silaki,10,v2,5,828,Ctenochaetus striatus,1,Grazer
2023,Silaki,10,v2,6,103,Naso lituratus,1,Browser
2023,Silaki,10,v2,6,209,Chlorurus spilurus,1,Grazer
2023,Silaki,10,v2,6,239,Ctenochaetus striatus,4,Grazer
2023,Silaki,10,v2,6,1318,Acanthurus nigricans,1,Grazer
2023,Silaki,10,v2,6,1506,Melichthys vidua,1,Browser
2023,Silaki,10,v2,6,1707,Naso unicornis,1,Browser
2023,Silaki,10,v2,7,227,Melichthys vidua,1,Browser
2023,Silaki,10,v2,7,320,Acanthurus nigricans,1,Grazer
2023,Silaki,10,v2,7,620,Zebrasoma scopas,1,Grazer
2023,Silaki,10,v2,7,622,Chlorurus spilurus,1,Grazer
2023,Silaki,10,v2,7,709,Melichthys vidua,1,Browser
2023,Silaki,10,v2,7,1123,Acanthurus nigrofuscus,3,Grazer
2023,Silaki,10,v2,7,1415,Naso lituratus,1,Browser
2023,Silaki,10,v2,7,1436,Scarus chameleon,1,Grazer
2023,Silaki,10,v2,7,1731,Chlorurus bowersi,1,Grazer
2023,Silaki,10,v2,8,27,Naso lituratus,2,Browser
2023,Silaki,10,v2,8,105,Chlorurus spilurus,1,Grazer
2023,Silaki,10,v2,8,111,Melichthys vidua,1,Browser
2023,Silaki,10,v2,8,124,Chlorurus bowersi,1,Grazer
2023,Silaki,10,v2,8,210,Acanthurus nigricans,1,Grazer
2023,Silaki,10,v2,8,615,Siganus argenteus,1,Browser
2023,Silaki,10,v2,8,757,Acanthurus nigrofuscus,2,Grazer
2023,Silaki,10,v2,8,814,Zebrasoma scopas,1,Grazer
2023,Silaki,10,v3,1,205,Acanthurus nigrofuscus,2,Grazer
2023,Silaki,10,v3,2,423,Acanthurus nigrofuscus,1,Grazer
2023,Silaki,10,v3,2,737,Chlorurus spilurus,1,Grazer
2023,Silaki,10,v3,2,1604,Naso lituratus,1,Browser
2023,Silaki,10,v3,3,42,Naso lituratus,1,Browser
2023,Silaki,10,v3,3,141,Acanthurus nigrofuscus,2,Grazer
2023,Silaki,10,v3,3,324,Chlorurus spilurus,2,Grazer
2023,Silaki,10,v3,3,527,Naso brachycentron,1,Browser
2023,Silaki,10,v3,3,,Melichthys vidua,1,Browser
2023,Silaki,10,v3,3,1154,Siganus argenteus,5,Browser
2023,Silaki,10,v3,3,1210,Zebrasoma scopas,2,Grazer
2023,Silaki,10,v3,3,1236,Ctenochaetus striatus,1,Grazer
2023,Silaki,10,v3,4,5,Siganus argenteus,1,Browser
2023,Silaki,10,v3,4,113,Naso lituratus,1,Browser
2023,Silaki,10,v3,4,150,Scarus forsteni,1,Grazer
2023,Silaki,10,v3,4,155,Melichthys vidua,1,Browser
2023,Silaki,10,v3,4,315,Chlorurus spilurus,1,Grazer
2023,Silaki,10,v3,4,527,Naso lituratus,2,Browser
2023,Silaki,10,v3,4,1552,Scarus forsteni,1,Grazer
2023,Silaki,10,v3,4,1724,Acanthurus nigrofuscus,3,Grazer
2023,Silaki,10,v3,4,1724,Acanthurus nigrofuscus,1,Grazer
2023,Silaki,10,v3,5,30,Naso lituratus,2,Browser
2023,Silaki,10,v3,5,,Acanthurus nigrofuscus,2,Grazer
2023,Silaki,10,v3,5,100,Zebrasoma scopas,1,Grazer
2023,Silaki,10,v3,5,105,Chlorurus spilurus,1,Grazer
2023,Silaki,10,v3,5,200,Siganus argenteus,1,Browser
2023,Silaki,10,v3,5,430,Melichthys vidua,1,Browser
2023,Silaki,10,v3,5,1649,Zebrasoma scopas,1,Grazer
2023,Silaki,10,v3,6,27,Zebrasoma scopas,2,Grazer
2023,Silaki,10,v3,6,141,Siganus argenteus,1,Browser
2023,Silaki,10,v3,6,228,Chlorurus spilurus,1,Grazer
2023,Silaki,10,v3,6,942,Melichthys vidua,1,Browser
2023,Silaki,10,v3,6,1229,Naso lituratus,2,Browser
2023,Silaki,10,v3,6,1233,Acanthurus nigrofuscus,1,Grazer
2023,Silaki,10,v3,7,16,Naso lituratus,3,Browser
2023,Silaki,10,v3,7,27,Siganus argenteus,1,Browser
2023,Silaki,10,v3,7,152,Chlorurus spilurus,1,Grazer
2023,Silaki,10,v3,7,212,Melichthys vidua,1,Browser
2023,Silaki,10,v3,7,549,scarus niger,1,Grazer
2023,Silaki,10,v3,7,1710,Acanthurus nigrofuscus,3,Grazer
2023,Silaki,10,v3,8,15,Melichthys vidua,1,Browser
2023,Silaki,10,v3,8,243,Naso lituratus,3,Browser
2023,Silaki,10,v3,8,310,Acanthurus nigrofuscus,2,Grazer
2023,Silaki,10,v3,8,1138,Chlorurus spilurus,1,Grazer
2023,Silaki,10,v3,9,56,Acanthurus nigrofuscus,1,Grazer
2023,Silaki,20,v1,1,0,None,0,None
2023,Silaki,20,v1,2,0,None,0,None
2023,Silaki,20,v1,3,0,None,0,None
2023,Silaki,20,v1,4,0,None,0,None
2023,Silaki,20,v1,5,0,None,0,None
2023,Silaki,20,v1,6,0,None,0,None
2023,Silaki,20,v2,1,0,None,0,None
2023,Silaki,20,v2,2,114,Acanthurus nigrofuscus,3,Grazer
2023,Silaki,20,v2,2,510,Naso unicornis,3,Browser
2023,Silaki,20,v2,3,403,Acanthurus nigrofuscus,3,Grazer
2023,Silaki,20,v2,4,226,Acanthurus nigrofuscus,2,Grazer
2023,Silaki,20,v2,5,809,Chlorurus spilurus,1,Grazer
2023,Silaki,20,v2,5,844,Acanthurus nigrofuscus,3,Grazer
2023,Silaki,20,v2,6,715,Acanthurus nigrofuscus,2,Grazer
2023,Silaki,20,v2,7,313,Acanthurus nigrofuscus,3,Grazer
2023,Silaki,20,v2,8,545,Acanthurus nigrofuscus,1,Grazer
2023,Silaki,20,v2,9,354,Acanthurus nigrofuscus,2,Grazer
2023,Silaki,30,V1,1,0,None,0,None
2023,Silaki,30,V1,2,537,Chlorurus spilurus,1,Grazer
2023,Silaki,30,V1,2,613,Siganus doliatus,2,Browser
2023,Silaki,30,V1,3,500,Hipposcarus longiceps,1,Grazer
2023,Silaki,30,V1,4,500,Hipposcarus longiceps,1,Grazer
2023,Silaki,30,V1,4,757,Acanthurus nigrofuscus,1,Grazer
2023,Silaki,30,V1,4,,Scarus niger,1,Grazer
2023,Silaki,30,V1,5,623,Scarus ghobban,1,Grazer
2023,Silaki,30,V1,6,720,Scarus ghobban,1,Grazer
2023,Silaki,30,V1,6,1713,Siganus doliatus,2,Browser
2023,Silaki,30,V1,7,3,Scarus ghobban,2,Grazer
2023,Silaki,30,V1,7,154,Siganus doliatus,2,Browser
2023,Silaki,30,V1,7,,Cetoscarus bicolor,1,Grazer
2023,Silaki,30,V1,8,0,None,0,None
2023,Silaki,30,V1,9,0,None,0,None
2023,Silaki,30,V1,10,25,Siganus doliatus,2,Browser
2023,Silaki,30,V1,11,0,None,0,None
2023,Silaki,30,V1,12,0,None,0,None
2023,Silaki,30,V1,13,0,None,0,None
2023,Silaki,30,V1,14,0,None,0,None
2023,Silaki,30,V1,15,0,None,0,None
2023,Silaki,30,V2,1,530,Naso unicornis,4,Browser
2023,Silaki,30,V2,2,0,None,0,None
2023,Silaki,30,V2,3,0,None,0,None
2023,Silaki,30,V2,4,0,None,0,None
2023,Silaki,30,V2,5,0,None,0,None
2023,Silaki,30,V2,6,0,None,0,None
2023,Silaki,30,V2,7,0,None,0,None
2023,Silaki,30,V2,8,0,None,0,None
2023,Silaki,30,V2,9,0,None,0,None
2023,Silaki,30,V2,10,0,None,0,None
2023,Silaki,30,V2,11,0,None,0,None
2023,Silaki,30,V2,12,0,None,0,None
2023,Silaki,30,V2,13,0,None,0,None
2023,Silaki,30,V2,14,0,None,0,None
2023,Silaki,30,V2,15,0,None,0,None
2023,Silaki,30,V2,16,524,Platax teira,1,Browser
2023,Silaki,30,V2,17,1128,Naso unicornis,1,Browser
2023,Silaki,30,V2,18,0,None,0,None
2023,Silaki,30,V3,1,0,None,0,None
2023,Silaki,30,V3,2,30,Naso unicornis,1,Browser
2023,Silaki,30,V3,3,0,None,0,None
2023,Silaki,30,V3,4,0,None,0,None
2023,Silaki,30,V3,5,0,None,0,None
2023,Silaki,30,V3,6,655,Naso unicornis,1,Browser
2023,Silaki,30,V3,7,0,None,0,None
